loadtest-user-1477913831831-5@vimond.com;7529494;326513;Bearer de6db5eb-886a-4097-bf2b-408dd8c35e0b
loadtest-user-1477913831831-4@vimond.com;7529494;326507;Bearer 6bd63245-d3da-4b93-a3b9-79272277314c
loadtest-user-1477913831831-0@vimond.com;7529494;326508;Bearer 4fcfc3c5-c0d0-4902-af68-7ade5253b34c
loadtest-user-1477913831831-8@vimond.com;7529494;326509;Bearer ecb1a5a2-3b1a-4bee-bff1-1ae5b434ba74
loadtest-user-1477913831831-6@vimond.com;7529494;326510;Bearer de3ae7fe-b778-484c-98ad-b6e146cfe71f
loadtest-user-1477913831831-2@vimond.com;7529494;326512;Bearer e9dbdb02-fb7c-4207-8ad9-7669d8fc0163
loadtest-user-1477913831831-7@vimond.com;7529494;326506;Bearer 16b24187-4168-4557-b536-5c714859c4cd
loadtest-user-1477913831831-1@vimond.com;7529494;326505;Bearer 8b1c9c29-9322-45ea-af97-1f5439225a6c
loadtest-user-1477913831831-3@vimond.com;7529494;326511;Bearer cf703230-b83d-4687-8439-2ec648d91e04
loadtest-user-1477913831831-9@vimond.com;7529494;326514;Bearer 3cb0db25-5616-4deb-b5ad-a72356ce4f90
loadtest-user-1477913831831-11@vimond.com;7529494;326515;Bearer f185ce0c-91c7-4548-96fa-c4eb7c33b5fd
loadtest-user-1477913831831-12@vimond.com;7529494;326516;Bearer 2608761c-aff2-4138-9b7c-1d1ab45bfcaa
loadtest-user-1477913831831-18@vimond.com;7529494;326520;Bearer 23ed2b7b-d8f4-4071-808a-8588ae986efc
loadtest-user-1477913831831-13@vimond.com;7529494;326517;Bearer c5102cd0-b769-463a-aa16-06e1817c0894
loadtest-user-1477913831831-14@vimond.com;7529494;326518;Bearer ae74c9de-cea1-41fe-8904-e9b007e5d49f
loadtest-user-1477913831831-15@vimond.com;7529494;326522;Bearer e992c049-468d-499a-8428-7f6e2a35562d
loadtest-user-1477913831831-10@vimond.com;7529494;326519;Bearer b5d3ebf6-a622-4a83-a778-c676f1bbda35
loadtest-user-1477913831831-16@vimond.com;7529494;326524;Bearer 1f1c54ee-82a1-462e-9978-ed51351973ad
loadtest-user-1477913831831-17@vimond.com;7529494;326523;Bearer 297d435e-51be-4a34-bb8f-2bf7bd99aee6
loadtest-user-1477913831831-19@vimond.com;7529494;326521;Bearer 20563533-42cb-4af0-842b-717e0ef0acdf
loadtest-user-1477913831831-20@vimond.com;7529494;326525;Bearer 7e1bbec2-0afd-4c68-ba41-44bbf3a4c4bc
loadtest-user-1477913831831-22@vimond.com;7529494;326527;Bearer c23a72bc-2ec8-4950-a48f-abc7d2c3f35b
loadtest-user-1477913831831-21@vimond.com;7529494;326526;Bearer 6cff525a-732f-4c1e-8b4f-01985aa50717
loadtest-user-1477913831831-23@vimond.com;7529494;326528;Bearer fb904f86-5575-49cb-afe7-0cdbb29a23ab
loadtest-user-1477913831831-27@vimond.com;7529494;326533;Bearer 187ac6ad-1b34-4773-9b1d-eda05540b471
loadtest-user-1477913831831-26@vimond.com;7529494;326534;Bearer 164718f1-c2a7-40bf-a5a6-8b587161d51a
loadtest-user-1477913831831-25@vimond.com;7529494;326530;Bearer 0cfcebd3-3382-456c-8696-1a70cf0c08d5
loadtest-user-1477913831831-29@vimond.com;7529494;326531;Bearer f8841c98-613e-4aa5-80ca-b89a0d14c69b
loadtest-user-1477913831831-24@vimond.com;7529494;326529;Bearer e35c4ffa-4376-4c41-9367-548870a8692d
loadtest-user-1477913831831-28@vimond.com;7529494;326532;Bearer b3edefcc-3ae6-4c21-88aa-5585dd11e925
loadtest-user-1477913831831-30@vimond.com;7529494;326535;Bearer 30597bd1-9c2d-4609-9bbd-32c1f4c24d8c
loadtest-user-1477913831831-34@vimond.com;7529494;326539;Bearer 486779f6-d26e-474d-a10a-bcc08bca9dc2
loadtest-user-1477913831831-31@vimond.com;7529494;326536;Bearer 06d468b4-3107-455c-a000-03e235489a94
loadtest-user-1477913831831-35@vimond.com;7529494;326540;Bearer f611e89d-1292-4c48-9d31-12d32493deeb
loadtest-user-1477913831831-38@vimond.com;7529494;326543;Bearer 06ccde90-0875-4adc-a437-bc7a2c584fb0
loadtest-user-1477913831831-33@vimond.com;7529494;326538;Bearer 2aa9cc9b-9e11-4bfc-8a7a-6f3156d5c70b
loadtest-user-1477913831831-32@vimond.com;7529494;326537;Bearer e3146b3c-6d18-4ad6-8de5-1a964d8ac241
loadtest-user-1477913831831-39@vimond.com;7529494;326544;Bearer dc204907-5f11-46a2-9ef1-55595ecd9411
loadtest-user-1477913831831-37@vimond.com;7529494;326542;Bearer 1752aa18-034a-40df-a481-ebdccfd72846
loadtest-user-1477913831831-36@vimond.com;7529494;326541;Bearer 9f9ee7df-b735-4998-99fc-88cb3d44ca63