loadtest-user-1477918991539-2@vimond.com;5849280;7637723;Bearer b85f880d-b3f0-4d32-a773-dbbe39aa9bd2
loadtest-user-1477918991539-0@vimond.com;5849280;7637724;Bearer 6280ab0c-28d7-4451-8bf8-8dc547ebc7a3
loadtest-user-1477918991539-1@vimond.com;5849280;7637722;Bearer 293af5d1-f0b2-4c36-925a-21c129a9ebcb
loadtest-user-1477918991539-4@vimond.com;5849280;7637728;Bearer da64d74e-e860-4c7c-a6b9-9a5a58e6d576
loadtest-user-1477918991539-3@vimond.com;5849280;7637727;Bearer 7cd596e4-1559-4e06-8286-839ef07a14c5
loadtest-user-1477918991539-5@vimond.com;5849280;7637729;Bearer 9b4aa68f-56fd-4726-a4e8-ecf2b38143d4
loadtest-user-1477918991539-7@vimond.com;5849280;7637731;Bearer ab5d8cce-b2b5-4f4a-b397-770a16944f6a
loadtest-user-1477918991539-8@vimond.com;5849280;7637732;Bearer 8a6c202d-02e9-4946-a700-fc307369c26b
loadtest-user-1477918991539-6@vimond.com;5849280;7637730;Bearer bfa430f5-4866-4d1b-8e24-83d52012c0bc